"0","
# --- 3. Test de la fonction : import_sirene_idf() ---
message(""\n--- TEST 2 : import_sirene_idf() ---"")
"
"2","
--- TEST 2 : import_sirene_idf() ---
"
"0","tryCatch({"
"0","  # On ex√©cute la fonction (on peut utiliser un autre nom pour le test)"
"0","  sirene_test <- import_sirene_idf()"
"0","  "
"0","  # On v√©rifie le r√©sultat"
"0","  if (exists(""sirene_test"") && is.data.frame(sirene_test) && nrow(sirene_test) > 0) {"
"0","    message(""\n[‚úì] TEST R√âUSSI : import_sirene_idf() a retourn√© un dataframe."")"
"0","    glimpse(sirene_test)"
"0","  } else {"
"0","    message(""\n[‚úó] TEST √âCHOU√â : La fonction n'a pas retourn√© de dataframe valide."")"
"0","  }"
"0","}, error = function(e) {"
"0","  message(""\n[‚úó] TEST √âCHOU√â avec une erreur : "", e$message)"
"0","})"
"2","--- Importation des donn√©es SIRENE (IDF, +50 salari√©s) ---
"
"2","-> Chargement de la tranche : 50-99...
"
"2","-> Chargement de la tranche : 100-199...
"
"2","-> Chargement de la tranche : 200-249...
"
"2","-> Chargement de la tranche : 250-499...
"
"2","-> Chargement de la tranche : 500-999...
"
"2","-> Chargement de la tranche : 1000-1999...
"
"2","-> Chargement de la tranche : 2000-4999...
"
"2","-> Chargement de la tranche : 5000-9999...
"
"2","-> Chargement de la tranche : 10000+...
"
"2","‚úÖ Import SIRENE termin√© : 18565 lignes collect√©es.
"
"2","
[‚úì] TEST R√âUSSI : import_sirene_idf() a retourn√© un dataframe.
"
"1","Rows: 18,565"
"1",""
"1","
"
"1","Columns: 107"
"1",""
"1","
"
"1","$ siren                                          [3m[38;5;246m<chr>[39m[23m ""309397446"", ""775657570"", ""775657570"", ""572139996"", ""834096695"", ""7020‚Ä¶
$ nic                                            [3m[38;5;246m<chr>[39m[23m ""00019"", ""00153"", ""00450"", ""03633"", ""00574"", ""00072"", ""00641"", ""00010""‚Ä¶
$ siret                                          [3m[38;5;246m<chr>[39m[23m ""30939744600019"", ""77565757000153"", ""77565757000450"", ""57213999603633""‚Ä¶
$ statutdiffusionetablissement                   [3m[38;5;246m<chr>[39m[23m ""O"", ""O"", ""O"", ""O"", ""O"", ""O"", ""O"", ""O"", ""O"", ""O"", ""O"", ""O"", ""O"", ""O"", ‚Ä¶
$ datecreationetablissement                      [3m[38;5;246m<chr>[39m[23m ""1974-01-01"", ""2000-07-01"", ""2016-10-01"", ""2021-10-04"", ""2018-04-30"", ‚Ä¶
$ trancheeffectifsetablissement                  [3m[38;5;246m<chr>[39m[23m ""50 √† 99 salari√©s"", ""50 √† 99 salari√©s"", ""50 √† 99 salari√©s"", ""50 √† 99 s‚Ä¶
$ trancheeffectifsetablissementtriable           [3m[38;5;246m<int>[39m[23m 21, 21, 21, 21, 21, 21, 21, 21, 21, 21, 21, 21, 21, 21, 21, 21, 21, 21‚Ä¶
$ anneeeffectifsetablissement                    [3m[38;5;246m<chr>[39m[23m ""2022"", ""2022"", ""2022"", ""2022"", ""2022"", ""2022"", ""2022"", ""2022"", ""2022""‚Ä¶
$ activiteprincipaleregistremetiersetablissement [3m[38;5;246m<chr>[39m[23m [31mNA[39m, [31mNA[39m, [31mNA[39m, [31mNA[39m, [31mNA[39m, [31mNA[39m, [31mNA[39m, [31mNA[39m, [31mNA[39m, [31mNA[39m, [31mNA[39m, ""4322BA"", ""4722ZA"", [31mNA[39m, [31mNA[39m‚Ä¶
$ datederniertraitementetablissement             [3m[38;5;246m<chr>[39m[23m ""2024-03-30T00:24:51+01:00"", ""2025-02-15T03:19:16+01:00"", ""2025-02-15T‚Ä¶
$ etablissementsiege                             [3m[38;5;246m<chr>[39m[23m ""oui"", ""non"", ""non"", ""oui"", ""oui"", ""oui"", ""oui"", ""oui"", ""oui"", ""oui"", ‚Ä¶
$ nombreperiodesetablissement                    [3m[38;5;246m<int>[39m[23m 4, 4, 2, 1, 1, 5, 1, 4, 1, 3, 1, 2, 5, 5, 2, 1, 1, 4, 3, 4, 6, 2, 4, 4‚Ä¶
$ complementadresseetablissement                 [3m[38;5;246m<chr>[39m[23m [31mNA[39m, [31mNA[39m, [31mNA[39m, [31mNA[39m, ""LES QUADRANTS"", ""69 A 71"", [31mNA[39m, [31mNA[39m, [31mNA[39m, [31mNA[39m, [31mNA[39m, [31mNA[39m, ""L‚Ä¶
$ numerovoieetablissement                        [3m[38;5;246m<int>[39m[23m 83, 11, 8, 1973, 5, 69, 137, 39, 12, 2, 10, 47, [31mNA[39m, 11, 6, 62, 10, 17,‚Ä¶
$ indicerepetitionetablissement                  [3m[38;5;246m<chr>[39m[23m [31mNA[39m, [31mNA[39m, [31mNA[39m, [31mNA[39m, [31mNA[39m, [31mNA[39m, [31mNA[39m, [31mNA[39m, [31mNA[39m, [31mNA[39m, [31mNA[39m, [31mNA[39m, [31mNA[39m, [31mNA[39m, [31mNA[39m, [31mNA[39m, [31mNA[39m, [31mNA[39m‚Ä¶
$ typevoieetablissement                          [3m[38;5;246m<chr>[39m[23m ""Avenue"", ""Rue"", ""Avenue"", ""Boulevard"", ""Place"", ""Rue"", ""Rue"", [31mNA[39m, ""Av‚Ä¶
$ libellevoieetablissement                       [3m[38;5;246m<chr>[39m[23m ""DE LA REPUBLIQUE"", ""GEORGES MELIES"", ""DE VERSAILLES"", ""DE LA DEFENSE""‚Ä¶
$ codepostaletablissement                        [3m[38;5;246m<chr>[39m[23m ""91230"", ""93100"", ""78220"", ""92000"", ""78280"", ""75013"", ""92100"", ""78810""‚Ä¶
$ libellecommuneetablissement                    [3m[38;5;246m<chr>[39m[23m ""MONTGERON"", ""MONTREUIL"", ""VIROFLAY"", ""NANTERRE"", ""GUYANCOURT"", ""PARIS‚Ä¶
$ libellecommuneetrangeretablissement            [3m[38;5;246m<lgl>[39m[23m [31mNA[39m, [31mNA[39m, [31mNA[39m, [31mNA[39m, [31mNA[39m, [31mNA[39m, [31mNA[39m, [31mNA[39m, [31mNA[39m, [31mNA[39m, [31mNA[39m, [31mNA[39m, [31mNA[39m, [31mNA[39m, [31mNA[39m, [31mNA[39m, [31mNA[39m, [31mNA[39m‚Ä¶
$ distributionspecialeetablissement              [3m[38;5;246m<chr>[39m[23m [31mNA[39m, [31mNA[39m, [31mNA[39m, [31mNA[39m, [31mNA[39m, [31mNA[39m, [31mNA[39m, [31mNA[39m, [31mNA[39m, [31mNA[39m, [31mNA[39m, [31mNA[39m, [31mNA[39m, [31mNA[39m, [31mNA[39m, [31mNA[39m, [31mNA[39m, [31mNA[39m‚Ä¶
$ codecommuneetablissement                       [3m[38;5;246m<chr>[39m[23m ""91421"", ""93048"", ""78686"", ""92050"", ""78297"", ""75113"", ""92012"", ""78233""‚Ä¶
$ codecedexetablissement                         [3m[38;5;246m<chr>[39m[23m [31mNA[39m, [31mNA[39m, [31mNA[39m, [31mNA[39m, [31mNA[39m, [31mNA[39m, [31mNA[39m, [31mNA[39m, [31mNA[39m, [31mNA[39m, [31mNA[39m, [31mNA[39m, [31mNA[39m, [31mNA[39m, [31mNA[39m, [31mNA[39m, [31mNA[39m, [31mNA[39m‚Ä¶
$ libellecedexetablissement                      [3m[38;5;246m<chr>[39m[23m [31mNA[39m, [31mNA[39m, [31mNA[39m, [31mNA[39m, [31mNA[39m, [31mNA[39m, [31mNA[39m, [31mNA[39m, [31mNA[39m, [31mNA[39m, [31mNA[39m, [31mNA[39m, [31mNA[39m, [31mNA[39m, [31mNA[39m, [31mNA[39m, [31mNA[39m, [31mNA[39m‚Ä¶
$ codepaysetrangeretablissement                  [3m[38;5;246m<lgl>[39m[23m [31mNA[39m, [31mNA[39m, [31mNA[39m, [31mNA[39m, [31mNA[39m, [31mNA[39m, [31mNA[39m, [31mNA[39m, [31mNA[39m, [31mNA[39m, [31mNA[39m, [31mNA[39m, [31mNA[39m, [31mNA[39m, [31mNA[39m, [31mNA[39m, [31mNA[39m, [31mNA[39m‚Ä¶
$ libellepaysetrangeretablissement               [3m[38;5;246m<lgl>[39m[23m [31mNA[39m, [31mNA[39m, [31mNA[39m, [31mNA[39m, [31mNA[39m, [31mNA[39m, [31mNA[39m, [31mNA[39m, [31mNA[39m, [31mNA[39m, [31mNA[39m, [31mNA[39m, [31mNA[39m, [31mNA[39m, [31mNA[39m, [31mNA[39m, [31mNA[39m, [31mNA[39m‚Ä¶
$ complementadresse2etablissement                [3m[38;5;246m<chr>[39m[23m [31mNA[39m, [31mNA[39m, [31mNA[39m, [31mNA[39m, [31mNA[39m, [31mNA[39m, [31mNA[39m, [31mNA[39m, [31mNA[39m, [31mNA[39m, [31mNA[39m, [31mNA[39m, [31mNA[39m, [31mNA[39m, [31mNA[39m, [31mNA[39m, [31mNA[39m, [31mNA[39m‚Ä¶
$ numerovoie2etablissement                       [3m[38;5;246m<lgl>[39m[23m [31mNA[39m, [31mNA[39m, [31mNA[39m, [31mNA[39m, [31mNA[39m, [31mNA[39m, [31mNA[39m, [31mNA[39m, [31mNA[39m, [31mNA[39m, [31mNA[39m, [31mNA[39m, [31mNA[39m, [31mNA[39m, [31mNA[39m, [31mNA[39m, [31mNA[39m, [31mNA[39m‚Ä¶
$ indicerepetition2etablissement                 [3m[38;5;246m<chr>[39m[23m [31mNA[39m, [31mNA[39m, [31mNA[39m, [31mNA[39m, [31mNA[39m, [31mNA[39m, [31mNA[39m, [31mNA[39m, [31mNA[39m, [31mNA[39m, [31mNA[39m, [31mNA[39m, [31mNA[39m, [31mNA[39m, [31mNA[39m, [31mNA[39m, [31mNA[39m, [31mNA[39m‚Ä¶
$ typevoie2etablissement                         [3m[38;5;246m<chr>[39m[23m [31mNA[39m, [31mNA[39m, [31mNA[39m, [31mNA[39m, [31mNA[39m, [31mNA[39m, [31mNA[39m, [31mNA[39m, [31mNA[39m, [31mNA[39m, [31mNA[39m, [31mNA[39m, [31mNA[39m, [31mNA[39m, [31mNA[39m, [31mNA[39m, [31mNA[39m, [31mNA[39m‚Ä¶
$ libellevoie2etablissement                      [3m[38;5;246m<chr>[39m[23m [31mNA[39m, [31mNA[39m, [31mNA[39m, [31mNA[39m, [31mNA[39m, [31mNA[39m, [31mNA[39m, [31mNA[39m, [31mNA[39m, [31mNA[39m, [31mNA[39m, [31mNA[39m, [31mNA[39m, [31mNA[39m, [31mNA[39m, [31mNA[39m, [31mNA[39m, [31mNA[39m‚Ä¶
$ codepostal2etablissement                       [3m[38;5;246m<chr>[39m[23m [31mNA[39m, [31mNA[39m, [31mNA[39m, [31mNA[39m, [31mNA[39m, [31mNA[39m, [31mNA[39m, [31mNA[39m, [31mNA[39m, [31mNA[39m, [31mNA[39m, [31mNA[39m, [31mNA[39m, [31mNA[39m, [31mNA[39m, [31mNA[39m, [31mNA[39m, [31mNA[39m‚Ä¶
$ libellecommune2etablissement                   [3m[38;5;246m<lgl>[39m[23m [31mNA[39m, [31mNA[39m, [31mNA[39m, [31mNA[39m, [31mNA[39m, [31mNA[39m, [31mNA[39m, [31mNA[39m, [31mNA[39m, [31mNA[39m, [31mNA[39m, [31mNA[39m, [31mNA[39m, [31mNA[39m, [31mNA[39m, [31mNA[39m, [31mNA[39m, [31mNA[39m‚Ä¶
$ libellecommuneetranger2etablissement           [3m[38;5;246m<lgl>[39m[23m [31mNA[39m, [31mNA[39m, [31mNA[39m, [31mNA[39m, [31mNA[39m, [31mNA[39m, [31mNA[39m, [31mNA[39m, [31mNA[39m, [31mNA[39m, [31mNA[39m, [31mNA[39m, [31mNA[39m, [31mNA[39m, [31mNA[39m, [31mNA[39m, [31mNA[39m, [31mNA[39m‚Ä¶
$ distributionspeciale2etablissement             [3m[38;5;246m<chr>[39m[23m [31mNA[39m, [31mNA[39m, [31mNA[39m, [31mNA[39m, [31mNA[39m, [31mNA[39m, [31mNA[39m, [31mNA[39m, [31mNA[39m, [31mNA[39m, [31mNA[39m, [31mNA[39m, [31mNA[39m, [31mNA[39m, [31mNA[39m, [31mNA[39m, [31mNA[39m, [31mNA[39m‚Ä¶
$ codecommune2etablissement                      [3m[38;5;246m<lgl>[39m[23m [31mNA[39m, [31mNA[39m, [31mNA[39m, [31mNA[39m, [31mNA[39m, [31mNA[39m, [31mNA[39m, [31mNA[39m, [31mNA[39m, [31mNA[39m, [31mNA[39m, [31mNA[39m, [31mNA[39m, [31mNA[39m, [31mNA[39m, [31mNA[39m, [31mNA[39m, [31mNA[39m‚Ä¶
$ codecedex2etablissement                        [3m[38;5;246m<chr>[39m[23m [31mNA[39m, [31mNA[39m, [31mNA[39m, [31mNA[39m, [31mNA[39m, [31mNA[39m, [31mNA[39m, [31mNA[39m, [31mNA[39m, [31mNA[39m, [31mNA[39m, [31mNA[39m, [31mNA[39m, [31mNA[39m, [31mNA[39m, [31mNA[39m, [31mNA[39m, [31mNA[39m‚Ä¶
$ libellecedex2etablissement                     [3m[38;5;246m<chr>[39m[23m [31mNA[39m, [31mNA[39m, [31mNA[39m, [31mNA[39m, [31mNA[39m, [31mNA[39m, [31mNA[39m, [31mNA[39m, [31mNA[39m, [31mNA[39m, [31mNA[39m, [31mNA[39m, [31mNA[39m, [31mNA[39m, [31mNA[39m, [31mNA[39m, [31mNA[39m, [31mNA[39m‚Ä¶
$ codepaysetranger2etablissement                 [3m[38;5;246m<lgl>[39m[23m [31mNA[39m, [31mNA[39m, [31mNA[39m, [31mNA[39m, [31mNA[39m, [31mNA[39m, [31mNA[39m, [31mNA[39m, [31mNA[39m, [31mNA[39m, [31mNA[39m, [31mNA[39m, [31mNA[39m, [31mNA[39m, [31mNA[39m, [31mNA[39m, [31mNA[39m, [31mNA[39m‚Ä¶
$ libellepaysetranger2etablissement              [3m[38;5;246m<lgl>[39m[23m [31mNA[39m, [31mNA[39m, [31mNA[39m, [31mNA[39m, [31mNA[39m, [31mNA[39m, [31mNA[39m, [31mNA[39m, [31mNA[39m, [31mNA[39m, [31mNA[39m, [31mNA[39m, [31mNA[39m, [31mNA[39m, [31mNA[39m, [31mNA[39m, [31mNA[39m, [31mNA[39m‚Ä¶
$ datedebutetablissement                         [3m[38;5;246m<chr>[39m[23m ""2008-01-01"", ""2020-01-01"", ""2020-01-01"", ""2021-10-04"", ""2018-04-30"", ‚Ä¶
$ etatadministratifetablissement                 [3m[38;5;246m<chr>[39m[23m ""Actif"", ""Actif"", ""Actif"", ""Actif"", ""Actif"", ""Actif"", ""Actif"", ""Actif""‚Ä¶
$ enseigne1etablissement                         [3m[38;5;246m<chr>[39m[23m [31mNA[39m, ""COS MAS GLASBERG"", ""COS LA SOURCE"", [31mNA[39m, [31mNA[39m, [31mNA[39m, [31mNA[39m, ""MAIRIE"", [31mNA[39m,‚Ä¶
$ enseigne2etablissement                         [3m[38;5;246m<chr>[39m[23m [31mNA[39m, [31mNA[39m, [31mNA[39m, [31mNA[39m, [31mNA[39m, [31mNA[39m, [31mNA[39m, [31mNA[39m, [31mNA[39m, [31mNA[39m, [31mNA[39m, [31mNA[39m, [31mNA[39m, [31mNA[39m, [31mNA[39m, [31mNA[39m, [31mNA[39m, [31mNA[39m‚Ä¶
$ enseigne3etablissement                         [3m[38;5;246m<chr>[39m[23m [31mNA[39m, [31mNA[39m, [31mNA[39m, [31mNA[39m, [31mNA[39m, [31mNA[39m, [31mNA[39m, [31mNA[39m, [31mNA[39m, [31mNA[39m, [31mNA[39m, [31mNA[39m, [31mNA[39m, [31mNA[39m, [31mNA[39m, [31mNA[39m, [31mNA[39m, [31mNA[39m‚Ä¶
$ denominationusuelleetablissement               [3m[38;5;246m<chr>[39m[23m [31mNA[39m, ""COS GLASBERG"", [31mNA[39m, [31mNA[39m, [31mNA[39m, [31mNA[39m, [31mNA[39m, [31mNA[39m, [31mNA[39m, [31mNA[39m, [31mNA[39m, [31mNA[39m, ""KOKO MARC‚Ä¶
$ activiteprincipaleetablissement                [3m[38;5;246m<chr>[39m[23m ""87.10A"", ""87.10C"", ""87.10A"", ""52.21Z"", ""71.20B"", ""42.99Z"", ""62.02A"", ‚Ä¶
$ nomenclatureactiviteprincipaleetablissement    [3m[38;5;246m<chr>[39m[23m ""NAFRev2"", ""NAFRev2"", ""NAFRev2"", ""NAFRev2"", ""NAFRev2"", ""NAFRev2"", ""NAF‚Ä¶
$ caractereemployeuretablissement                [3m[38;5;246m<chr>[39m[23m ""Oui"", ""Oui"", ""Oui"", ""Oui"", ""Non"", ""Oui"", ""Oui"", ""Oui"", ""Oui"", ""Oui"", ‚Ä¶
$ statutdiffusionunitelegale                     [3m[38;5;246m<chr>[39m[23m ""O"", ""O"", ""O"", ""O"", ""O"", ""O"", ""O"", ""O"", ""O"", ""O"", ""O"", ""O"", ""O"", ""O"", ‚Ä¶
$ unitepurgeeunitelegale                         [3m[38;5;246m<lgl>[39m[23m [31mNA[39m, [31mNA[39m, [31mNA[39m, [31mNA[39m, [31mNA[39m, [31mNA[39m, [31mNA[39m, [31mNA[39m, [31mNA[39m, [31mNA[39m, [31mNA[39m, [31mNA[39m, [31mNA[39m, [31mNA[39m, [31mNA[39m, [31mNA[39m, [31mNA[39m, [31mNA[39m‚Ä¶
$ datecreationunitelegale                        [3m[38;5;246m<chr>[39m[23m ""1974-01-01"", ""1900-01-01"", ""1900-01-01"", ""1957-01-01"", ""2017-12-12"", ‚Ä¶
$ sigleunitelegale                               [3m[38;5;246m<chr>[39m[23m [31mNA[39m, [31mNA[39m, [31mNA[39m, ""ASF"", [31mNA[39m, ""SEMAPA"", [31mNA[39m, [31mNA[39m, ""SIAHVY"", [31mNA[39m, [31mNA[39m, [31mNA[39m, [31mNA[39m, [31mNA[39m,‚Ä¶
$ sexeunitelegale                                [3m[38;5;246m<chr>[39m[23m [31mNA[39m, [31mNA[39m, [31mNA[39m, [31mNA[39m, [31mNA[39m, [31mNA[39m, [31mNA[39m, [31mNA[39m, [31mNA[39m, [31mNA[39m, [31mNA[39m, [31mNA[39m, [31mNA[39m, [31mNA[39m, [31mNA[39m, [31mNA[39m, [31mNA[39m, [31mNA[39m‚Ä¶
$ prenom1unitelegale                             [3m[38;5;246m<chr>[39m[23m [31mNA[39m, [31mNA[39m, [31mNA[39m, [31mNA[39m, [31mNA[39m, [31mNA[39m, [31mNA[39m, [31mNA[39m, [31mNA[39m, [31mNA[39m, [31mNA[39m, [31mNA[39m, [31mNA[39m, [31mNA[39m, [31mNA[39m, [31mNA[39m, [31mNA[39m, [31mNA[39m‚Ä¶
$ prenom2unitelegale                             [3m[38;5;246m<chr>[39m[23m [31mNA[39m, [31mNA[39m, [31mNA[39m, [31mNA[39m, [31mNA[39m, [31mNA[39m, [31mNA[39m, [31mNA[39m, [31mNA[39m, [31mNA[39m, [31mNA[39m, [31mNA[39m, [31mNA[39m, [31mNA[39m, [31mNA[39m, [31mNA[39m, [31mNA[39m, [31mNA[39m‚Ä¶
$ prenom3unitelegale                             [3m[38;5;246m<chr>[39m[23m [31mNA[39m, [31mNA[39m, [31mNA[39m, [31mNA[39m, [31mNA[39m, [31mNA[39m, [31mNA[39m, [31mNA[39m, [31mNA[39m, [31mNA[39m, [31mNA[39m, [31mNA[39m, [31mNA[39m, [31mNA[39m, [31mNA[39m, [31mNA[39m, [31mNA[39m, [31mNA[39m‚Ä¶
$ prenom4unitelegale                             [3m[38;5;246m<chr>[39m[23m [31mNA[39m, [31mNA[39m, [31mNA[39m, [31mNA[39m, [31mNA[39m, [31mNA[39m, [31mNA[39m, [31mNA[39m, [31mNA[39m, [31mNA[39m, [31mNA[39m, [31mNA[39m, [31mNA[39m, [31mNA[39m, [31mNA[39m, [31mNA[39m, [31mNA[39m, [31mNA[39m‚Ä¶
$ prenomusuelunitelegale                         [3m[38;5;246m<chr>[39m[23m [31mNA[39m, [31mNA[39m, [31mNA[39m, [31mNA[39m, [31mNA[39m, [31mNA[39m, [31mNA[39m, [31mNA[39m, [31mNA[39m, [31mNA[39m, [31mNA[39m, [31mNA[39m, [31mNA[39m, [31mNA[39m, [31mNA[39m, [31mNA[39m, [31mNA[39m, [31mNA[39m‚Ä¶
$ pseudonymeunitelegale                          [3m[38;5;246m<chr>[39m[23m [31mNA[39m, [31mNA[39m, [31mNA[39m, [31mNA[39m, [31mNA[39m, [31mNA[39m, [31mNA[39m, [31mNA[39m, [31mNA[39m, [31mNA[39m, [31mNA[39m, [31mNA[39m, [31mNA[39m, [31mNA[39m, [31mNA[39m, [31mNA[39m, [31mNA[39m, [31mNA[39m‚Ä¶
$ identifiantassociationunitelegale              [3m[38;5;246m<chr>[39m[23m [31mNA[39m, ""W751007120"", ""W751007120"", [31mNA[39m, [31mNA[39m, [31mNA[39m, [31mNA[39m, [31mNA[39m, [31mNA[39m, ""W751147140"", ‚Ä¶
$ trancheeffectifsunitelegale                    [3m[38;5;246m<chr>[39m[23m ""50 √† 99 salari√©s"", ""2 000 √† 4 999 salari√©s"", ""2 000 √† 4 999 salari√©s""‚Ä¶
$ trancheeffectifsunitelegaletriable             [3m[38;5;246m<int>[39m[23m 21, 51, 51, 51, 42, 21, 32, 21, 21, 21, 21, 21, 21, 21, 21, 41, 21, 41‚Ä¶
$ anneeeffectifsunitelegale                      [3m[38;5;246m<chr>[39m[23m ""2022"", ""2022"", ""2022"", ""2022"", ""2022"", ""2022"", ""2022"", ""2022"", ""2022""‚Ä¶
$ datederniertraitementunitelegale               [3m[38;5;246m<chr>[39m[23m ""2024-03-22T15:26:06+01:00"", ""2025-03-07T06:18:01+01:00"", ""2025-03-07T‚Ä¶
$ nombreperiodesunitelegale                      [3m[38;5;246m<int>[39m[23m 5, 10, 10, 8, 4, 9, 11, 5, 1, 5, 3, 4, 5, 6, 8, 9, 15, 6, 5, 11, 11, 2‚Ä¶
$ categorieentreprise                            [3m[38;5;246m<chr>[39m[23m ""PME"", ""ETI"", ""ETI"", ""GE"", ""GE"", ""GE"", ""ETI"", ""PME"", ""PME"", ""PME"", ""GE‚Ä¶
$ anneecategorieentreprise                       [3m[38;5;246m<chr>[39m[23m ""2022"", ""2022"", ""2022"", ""2022"", ""2022"", ""2022"", ""2022"", ""2022"", ""2022""‚Ä¶
$ datedebutunitelegale                           [3m[38;5;246m<chr>[39m[23m ""2011-01-24"", ""2025-01-01"", ""2025-01-01"", ""2021-10-04"", ""2018-04-30"", ‚Ä¶
$ etatadministratifunitelegale                   [3m[38;5;246m<chr>[39m[23m ""Active"", ""Active"", ""Active"", ""Active"", ""Active"", ""Active"", ""Active"", ‚Ä¶
$ nomunitelegale                                 [3m[38;5;246m<chr>[39m[23m [31mNA[39m, [31mNA[39m, [31mNA[39m, [31mNA[39m, [31mNA[39m, [31mNA[39m, [31mNA[39m, [31mNA[39m, [31mNA[39m, [31mNA[39m, [31mNA[39m, [31mNA[39m, [31mNA[39m, [31mNA[39m, [31mNA[39m, [31mNA[39m, [31mNA[39m, [31mNA[39m‚Ä¶
$ nomusageunitelegale                            [3m[38;5;246m<chr>[39m[23m [31mNA[39m, [31mNA[39m, [31mNA[39m, [31mNA[39m, [31mNA[39m, [31mNA[39m, [31mNA[39m, [31mNA[39m, [31mNA[39m, [31mNA[39m, [31mNA[39m, [31mNA[39m, [31mNA[39m, [31mNA[39m, [31mNA[39m, [31mNA[39m, [31mNA[39m, [31mNA[39m‚Ä¶
$ denominationunitelegale                        [3m[38;5;246m<chr>[39m[23m ""MELAVIE"", ""FONDATION COS ALEXANDRE GLASBERG"", ""FONDATION COS ALEXANDR‚Ä¶
$ denominationusuelle1unitelegale                [3m[38;5;246m<chr>[39m[23m [31mNA[39m, [31mNA[39m, [31mNA[39m, [31mNA[39m, [31mNA[39m, [31mNA[39m, [31mNA[39m, [31mNA[39m, [31mNA[39m, [31mNA[39m, [31mNA[39m, [31mNA[39m, [31mNA[39m, [31mNA[39m, [31mNA[39m, [31mNA[39m, ""TREXI‚Ä¶
$ denominationusuelle2unitelegale                [3m[38;5;246m<chr>[39m[23m [31mNA[39m, [31mNA[39m, [31mNA[39m, [31mNA[39m, [31mNA[39m, [31mNA[39m, [31mNA[39m, [31mNA[39m, [31mNA[39m, [31mNA[39m, [31mNA[39m, [31mNA[39m, [31mNA[39m, [31mNA[39m, [31mNA[39m, [31mNA[39m, [31mNA[39m, [31mNA[39m‚Ä¶
$ denominationusuelle3unitelegale                [3m[38;5;246m<chr>[39m[23m [31mNA[39m, [31mNA[39m, [31mNA[39m, [31mNA[39m, [31mNA[39m, [31mNA[39m, [31mNA[39m, [31mNA[39m, [31mNA[39m, [31mNA[39m, [31mNA[39m, [31mNA[39m, [31mNA[39m, [31mNA[39m, [31mNA[39m, [31mNA[39m, [31mNA[39m, [31mNA[39m‚Ä¶
$ categoriejuridiqueunitelegale                  [3m[38;5;246m<chr>[39m[23m ""5710"", ""9300"", ""9300"", ""5599"", ""5710"", ""5599"", ""5710"", ""7210"", ""7354""‚Ä¶
$ activiteprincipaleunitelegale                  [3m[38;5;246m<chr>[39m[23m ""87.10A"", ""88.99B"", ""88.99B"", ""52.21Z"", ""71.20B"", ""42.99Z"", ""95.11Z"", ‚Ä¶
$ nomenclatureactiviteprincipaleunitelegale      [3m[38;5;246m<chr>[39m[23m ""NAFRev2"", ""NAFRev2"", ""NAFRev2"", ""NAFRev2"", ""NAFRev2"", ""NAFRev2"", ""NAF‚Ä¶
$ nicsiegeunitelegale                            [3m[38;5;246m<chr>[39m[23m ""00019"", ""00377"", ""00377"", ""03633"", ""00574"", ""00072"", ""00641"", ""00010""‚Ä¶
$ economiesocialesolidaireunitelegale            [3m[38;5;246m<chr>[39m[23m [31mNA[39m, ""O"", ""O"", ""N"", ""N"", ""N"", ""N"", ""N"", [31mNA[39m, ""O"", ""N"", ""N"", ""N"", ""N"", ""N‚Ä¶
$ societemissionunitelegale                      [3m[38;5;246m<lgl>[39m[23m [31mNA[39m, [31mNA[39m, [31mNA[39m, [31mNA[39m, [31mNA[39m, [31mNA[39m, [31mNA[39m, [31mNA[39m, [31mNA[39m, [31mNA[39m, [31mNA[39m, [31mNA[39m, [31mNA[39m, [31mNA[39m, [31mNA[39m, [31mNA[39m, [31mNA[39m, [31mNA[39m‚Ä¶
$ caractereemployeurunitelegale                  [3m[38;5;246m<lgl>[39m[23m [31mNA[39m, [31mNA[39m, [31mNA[39m, [31mNA[39m, [31mNA[39m, [31mNA[39m, [31mNA[39m, [31mNA[39m, [31mNA[39m, [31mNA[39m, [31mNA[39m, [31mNA[39m, [31mNA[39m, [31mNA[39m, [31mNA[39m, [31mNA[39m, [31mNA[39m, [31mNA[39m‚Ä¶
$ codeepcietablissement                          [3m[38;5;246m<chr>[39m[23m ""200058477"", ""200054781"", ""247800584"", ""200054781"", ""200058782"", ""2000‚Ä¶
$ epcietablissement                              [3m[38;5;246m<chr>[39m[23m ""Communaut√© d'agglom√©ration Val d'Yerres Val de Seine"", ""M√©tropole du ‚Ä¶
$ codearrondissementetablissement                [3m[38;5;246m<chr>[39m[23m ""912"", ""931"", ""784"", ""922"", ""784"", ""751"", ""923"", ""783"", ""913"", ""751"", ‚Ä¶
$ codedepartementetablissement                   [3m[38;5;246m<chr>[39m[23m ""91"", ""93"", ""78"", ""92"", ""78"", ""75"", ""92"", ""78"", ""91"", ""75"", ""92"", ""92""‚Ä¶
$ departementetablissement                       [3m[38;5;246m<chr>[39m[23m ""Essonne"", ""Seine-Saint-Denis"", ""Yvelines"", ""Hauts-de-Seine"", ""Yveline‚Ä¶
$ coderegionetablissement                        [3m[38;5;246m<chr>[39m[23m ""11"", ""11"", ""11"", ""11"", ""11"", ""11"", ""11"", ""11"", ""11"", ""11"", ""11"", ""11""‚Ä¶
$ regionetablissement                            [3m[38;5;246m<chr>[39m[23m ""√éle-de-France"", ""√éle-de-France"", ""√éle-de-France"", ""√éle-de-France"", ""√é‚Ä¶
$ sectionetablissement                           [3m[38;5;246m<chr>[39m[23m ""Sant√© humaine et action sociale"", ""Sant√© humaine et action sociale"", ‚Ä¶
$ soussectionetablissement                       [3m[38;5;246m<chr>[39m[23m ""H√©bergement m√©dico-social et social"", ""H√©bergement m√©dico-social et s‚Ä¶
$ divisionetablissement                          [3m[38;5;246m<chr>[39m[23m ""H√©bergement m√©dicalis√©"", ""H√©bergement m√©dicalis√©"", ""H√©bergement m√©dic‚Ä¶
$ groupeetablissement                            [3m[38;5;246m<chr>[39m[23m ""H√©bergement m√©dicalis√©"", ""H√©bergement m√©dicalis√©"", ""H√©bergement m√©dic‚Ä¶
$ classeetablissement                            [3m[38;5;246m<chr>[39m[23m ""H√©bergement m√©dicalis√© pour personnes √¢g√©es"", ""H√©bergement m√©dicalis√©‚Ä¶
$ sectionunitelegale                             [3m[38;5;246m<chr>[39m[23m ""Sant√© humaine et action sociale"", ""Sant√© humaine et action sociale"", ‚Ä¶
$ soussectionunitelegale                         [3m[38;5;246m<chr>[39m[23m ""H√©bergement m√©dico-social et social"", ""Action sociale sans h√©bergemen‚Ä¶
$ divisionunitelegale                            [3m[38;5;246m<chr>[39m[23m ""H√©bergement m√©dicalis√©"", ""Autre action sociale sans h√©bergement"", ""Au‚Ä¶
$ groupeunitelegale                              [3m[38;5;246m<chr>[39m[23m ""H√©bergement m√©dicalis√©"", ""Autre action sociale sans h√©bergement n.c.a‚Ä¶
$ classeunitelegale                              [3m[38;5;246m<chr>[39m[23m ""H√©bergement m√©dicalis√© pour personnes √¢g√©es"", ""Action sociale sans h√©‚Ä¶
$ naturejuridiqueunitelegale                     [3m[38;5;246m<chr>[39m[23m ""SAS, soci√©t√© par actions simplifi√©e"", ""Fondation"", ""Fondation"", ""SA √†‚Ä¶
$ l1_adressage_unitelegale                       [3m[38;5;246m<chr>[39m[23m [31mNA[39m, [31mNA[39m, [31mNA[39m, [31mNA[39m, [31mNA[39m, [31mNA[39m, [31mNA[39m, [31mNA[39m, [31mNA[39m, [31mNA[39m, [31mNA[39m, [31mNA[39m, [31mNA[39m, [31mNA[39m, [31mNA[39m, [31mNA[39m, [31mNA[39m, [31mNA[39m‚Ä¶
$ adresseetablissement                           [3m[38;5;246m<chr>[39m[23m ""83 Avenue DE LA REPUBLIQUE"", ""11 Rue GEORGES MELIES"", ""8 Avenue DE VE‚Ä¶
$ siretsiegeunitelegale                          [3m[38;5;246m<chr>[39m[23m ""30939744600019"", ""77565757000377"", ""77565757000377"", ""57213999603633""‚Ä¶
$ datefermetureetablissement                     [3m[38;5;246m<chr>[39m[23m [31mNA[39m, [31mNA[39m, [31mNA[39m, [31mNA[39m, [31mNA[39m, [31mNA[39m, [31mNA[39m, [31mNA[39m, [31mNA[39m, [31mNA[39m, [31mNA[39m, ""2023-04-28"", [31mNA[39m, ""2024-06‚Ä¶
$ datefermetureunitelegale                       [3m[38;5;246m<chr>[39m[23m [31mNA[39m, [31mNA[39m, [31mNA[39m, [31mNA[39m, [31mNA[39m, [31mNA[39m, [31mNA[39m, [31mNA[39m, [31mNA[39m, [31mNA[39m, [31mNA[39m, [31mNA[39m, [31mNA[39m, [31mNA[39m, [31mNA[39m, [31mNA[39m, [31mNA[39m, [31mNA[39m‚Ä¶
$ geolocetablissement                            [3m[38;5;246m<df[,2]>[39m[23m <data.frame[42 x 2]>"
"1",""
"1","
"
