"0","tryCatch({
  # On ex√©cute la fonction
  egapro_data <- import_latest_egapro()
  
  # On v√©rifie le r√©sultat
  if (exists(""egapro_data"") && is.data.frame(egapro_data) && nrow(egapro_data) > 0) {
    message(""\n[‚úì] TEST R√âUSSI : import_latest_egapro() a retourn√© un dataframe."")
    glimpse(egapro_data)
  } else {
    message(""\n[‚úó] TEST √âCHOU√â : La fonction n'a pas retourn√© de dataframe valide."")
  }
}, error = function(e) {
  message(""\n[‚úó] TEST √âCHOU√â avec une erreur : "", e$message)
})
"
"2","--- Importation des donn√©es √âgapro depuis data.gouv.fr ---
"
"2","-> Dataset trouv√© : 'Index Egalit√© Professionnelle F/H des entreprises de 50 salari√©s ou plus' (modifi√© le 2025-04-25T15:26:12.373000+00:00)
"
"2","-> T√©l√©chargement de la ressource au format 'xlsx'...
"
"2","‚úÖ Import √âgapro termin√© : 182587 lignes et 18 colonnes.
"
"2","
[‚úì] TEST R√âUSSI : import_latest_egapro() a retourn√© un dataframe.
"
"1","Rows: 182,587"
"1",""
"1","
"
"1","Columns: 18"
"1",""
"1","
"
"1","$ Ann√©e                                             [3m[38;5;246m<dbl>[39m[23m 2024, 2024, 2024, 2024, 2024, 2024, 2024, 2024, 2024, 2024, 2024, 2‚Ä¶
$ Structure                                         [3m[38;5;246m<chr>[39m[23m ""Entreprise"", ""Entreprise"", ""Entreprise"", ""Entreprise"", ""Entreprise‚Ä¶
$ `Tranche d'effectifs`                             [3m[38;5;246m<chr>[39m[23m ""50 √† 250"", ""50 √† 250"", ""50 √† 250"", ""50 √† 250"", ""50 √† 250"", ""50 √† 2‚Ä¶
$ SIREN                                             [3m[38;5;246m<chr>[39m[23m ""808698880"", ""438586141"", ""420979452"", ""310850094"", ""433392040"", ""7‚Ä¶
$ `Raison Sociale`                                  [3m[38;5;246m<chr>[39m[23m ""SOCIETE NOUVELLE PRADEAU MORIN"", ""BENAVEN TRAVAUX BATIMENT"", ""JMRP‚Ä¶
$ `Nom UES`                                         [3m[38;5;246m<chr>[39m[23m [31mNA[39m, [31mNA[39m, [31mNA[39m, [31mNA[39m, [31mNA[39m, [31mNA[39m, [31mNA[39m, [31mNA[39m, [31mNA[39m, [31mNA[39m, [31mNA[39m, [31mNA[39m, [31mNA[39m, [31mNA[39m, [31mNA[39m, [31mNA[39m, [31mNA[39m,‚Ä¶
$ `Entreprises UES (SIREN)`                         [3m[38;5;246m<chr>[39m[23m [31mNA[39m, [31mNA[39m, [31mNA[39m, [31mNA[39m, [31mNA[39m, [31mNA[39m, [31mNA[39m, [31mNA[39m, [31mNA[39m, [31mNA[39m, [31mNA[39m, [31mNA[39m, [31mNA[39m, [31mNA[39m, [31mNA[39m, [31mNA[39m, [31mNA[39m,‚Ä¶
$ R√©gion                                            [3m[38;5;246m<chr>[39m[23m ""√éle-de-France"", ""La R√©union"", ""Normandie"", ""La R√©union"", ""Hauts-de‚Ä¶
$ D√©partement                                       [3m[38;5;246m<chr>[39m[23m ""Hauts-de-Seine"", ""La R√©union"", ""Eure"", ""La R√©union"", ""Oise"", ""Arde‚Ä¶
$ Pays                                              [3m[38;5;246m<chr>[39m[23m ""FRANCE"", ""FRANCE"", ""FRANCE"", ""FRANCE"", ""FRANCE"", ""FRANCE"", ""FRANCE‚Ä¶
$ `Code NAF`                                        [3m[38;5;246m<chr>[39m[23m ""41.20B - Construction d'autres b√¢timents"", ""41.20B - Construction ‚Ä¶
$ `Note Ecart r√©mun√©ration`                         [3m[38;5;246m<chr>[39m[23m ""NC"", ""NC"", ""NC"", ""40"", ""36"", ""NC"", ""NC"", ""35"", ""27"", ""39"", ""39"", ""‚Ä¶
$ `Note Ecart taux d'augmentation (hors promotion)` [3m[38;5;246m<chr>[39m[23m [31mNA[39m, [31mNA[39m, [31mNA[39m, [31mNA[39m, [31mNA[39m, [31mNA[39m, [31mNA[39m, [31mNA[39m, [31mNA[39m, ""20"", ""20"", [31mNA[39m, [31mNA[39m, [31mNA[39m, [31mNA[39m, [31mNA[39m,‚Ä¶
$ `Note Ecart taux de promotion`                    [3m[38;5;246m<chr>[39m[23m [31mNA[39m, [31mNA[39m, [31mNA[39m, [31mNA[39m, [31mNA[39m, [31mNA[39m, [31mNA[39m, [31mNA[39m, [31mNA[39m, ""15"", ""15"", [31mNA[39m, [31mNA[39m, [31mNA[39m, [31mNA[39m, [31mNA[39m,‚Ä¶
$ `Note Ecart taux d'augmentation`                  [3m[38;5;246m<chr>[39m[23m ""35"", ""NC"", ""35"", ""35"", ""35"", ""35"", ""NC"", ""35"", ""NC"", [31mNA[39m, [31mNA[39m, ""35"",‚Ä¶
$ `Note Retour cong√© maternit√©`                     [3m[38;5;246m<chr>[39m[23m ""NC"", ""NC"", ""15"", ""NC"", ""NC"", ""NC"", ""NC"", ""15"", ""0"", ""15"", ""15"", ""N‚Ä¶
$ `Note Hautes r√©mun√©rations`                       [3m[38;5;246m<chr>[39m[23m ""0"", ""5"", ""0"", ""0"", ""5"", ""0"", ""10"", ""0"", ""0"", ""5"", ""0"", ""5"", ""0"", ""‚Ä¶
$ `Note Index`                                      [3m[38;5;246m<chr>[39m[23m ""NC"", ""NC"", ""NC"", ""88"", ""89"", ""NC"", ""NC"", ""85"", ""NC"", ""94"", ""89"", ""‚Ä¶"
"1",""
"1","
"
